,user_id,auction_id,cat_id,cat1,buy_mount,day,birthday,age
0,513441334,19909384116,50010557,1,1,2012/12/12,2011/1/5,1.94
1,377550424,15771663914,50015841,2,1,2012/11/23,2011/6/20,1.43
2,47342027,14066344263,50013636,1,1,2012/9/11,2010/10/8,1.93
3,119784861,20796936076,50140021,1,1,2012/11/29,2012/3/27,0.68
4,159129426,15198386301,50013711,1,2,2012/8/8,2010/8/25,1.96
5,645596397,20115324762,50010549,1,1,2012/11/30,2013/2/20,-0.22
6,757254614,35900705534,50013711,1,1,2013/12/20,2009/5/28,4.57
7,275261625,23062392785,50010558,1,1,2013/6/10,2010/5/25,3.05
8,35832151,19178578964,50012451,1,1,2014/2/28,2009/4/1,4.92
9,1834895775,43246645145,50010544,1,1,2015/1/2,2009/5/15,5.64
10,131021484,15647837835,50006602,1,1,2012/9/10,2009/10/8,2.93
11,373726419,24033632962,50008727,3,1,2013/8/2,2013/8/28,-0.07
12,31795068,20749016489,121394024,1,1,2014/12/12,2007/11/24,7.05
13,20995405,36818435772,50013636,1,1,2014/7/31,2011/11/14,2.71
14,504804896,36740523560,50012361,5,1,2014/11/18,2010/2/20,4.75
15,669302326,8945822711,211122,6,6,2013/5/26,2010/4/6,3.14
16,1027969540,37554024452,50012442,1,1,2014/3/26,2013/2/28,1.07
17,369616040,37089344763,50023732,2,1,2014/8/21,2014/10/5,-0.12
18,419554296,37829194505,50024153,2,1,2014/12/31,2012/7/9,2.48
19,717297456,18852684292,50008727,3,1,2013/10/18,2013/6/12,0.35
20,874621830,26692404101,50012359,5,1,2013/11/25,2010/12/20,2.93
21,711528325,15799901720,50012451,1,1,2014/2/28,2010/11/14,3.29
22,2067426839,39215703623,50023591,4,1,2014/9/16,2015/3/1,-0.45
23,56736746,13725195879,50008817,2,10,2013/1/5,2012/11/5,0.17
24,91177545,38600977799,121466023,1,1,2014/10/29,2010/2/3,4.74
25,136997100,35447551022,50013636,1,1,2013/11/11,2013/1/13,0.83
26,707774847,35505954971,121472022,1,1,2014/12/30,2011/3/31,3.75
27,161512438,36797644528,50012564,3,1,2014/4/9,2013/3/4,1.1
28,2104818212,40553447811,121540027,2,1,2014/11/11,2014/3/27,0.63
29,87659835,4600695918,50023732,2,1,2013/4/24,2011/9/30,1.57
30,188799366,23990428301,50012451,1,1,2014/3/19,2011/11/30,2.3
31,51587524,22752544214,50010558,1,1,2013/4/13,2009/2/2,4.19
32,274099870,36271556114,50012564,3,1,2014/8/9,2014/8/31,-0.06
33,51150884,41074778874,50007011,1,1,2014/9/12,2008/11/29,5.79
34,286307391,12277146635,50004457,3,1,2012/11/25,2011/10/9,1.13
35,283250293,20261713153,50006602,1,1,2013/10/7,2013/6/13,0.32
36,14905422,40739265133,50234023,3,1,2015/2/5,2011/4/29,3.78
37,410823343,10682626256,50009541,3,1,2012/11/7,2011/3/26,1.62
38,211057395,17690851568,50010557,1,1,2012/12/22,2008/3/11,4.79
39,573822792,37065042003,50010236,3,1,2014/11/11,2014/12/26,-0.12
40,826835722,24111248561,50013207,1,1,2013/9/6,2014/7/2,-0.82
41,160688669,20803560636,50007012,1,1,2012/12/29,2011/9/15,1.29
42,325249615,18350150733,50016706,4,1,2013/9/27,2011/1/3,2.73
43,412025994,37347696228,50023670,2,1,2014/6/21,2013/4/2,1.22
44,116466705,16949927732,50010549,1,1,2013/11/11,2013/1/1,0.86
45,116466705,37893437620,50010558,1,1,2014/3/29,2013/1/1,1.24
46,711496874,15079145376,50016704,4,1,2014/3/26,2011/10/25,2.42
47,693449541,35676960895,50010544,1,1,2013/11/11,2007/1/13,6.83
48,848302497,42258876583,50013636,1,1,2014/12/12,2014/2/18,0.81
49,197066280,14829521668,50015841,2,2,2012/11/25,2008/5/10,4.55
50,13802003,26680928161,121408024,1,2,2014/9/12,2011/10/22,2.89
51,300031861,15556186232,50023632,4,1,2014/2/18,2014/1/5,0.12
52,650723936,38200162608,50012564,3,5,2014/8/14,2014/10/6,-0.15
53,200491949,8680970096,50016704,4,1,2013/7/15,2013/11/6,-0.31
54,139924698,37310042870,50012361,5,1,2014/5/26,2012/1/17,2.36
55,2230873305,36078196999,50009540,3,1,2014/11/5,2012/2/1,2.76
56,426768576,13569192180,121540027,2,1,2014/3/26,2013/4/1,0.98
57,72875105,14151218336,50009549,3,1,2012/9/17,2012/8/2,0.13
58,821089219,12611605545,50006032,4,1,2014/4/10,2014/6/15,-0.18
59,106828323,19622521690,50012835,3,1,2014/6/15,2014/2/1,0.37
60,775276242,37469217502,50012364,5,1,2014/4/16,2011/2/1,3.21
61,761730076,27216992100,50024842,1,4,2013/9/17,2008/2/9,5.61
62,76076096,19139083728,50016704,4,1,2014/1/10,2014/4/28,-0.3
63,50839954,19707779331,211122,6,6,2013/10/27,2011/8/11,2.21
64,759253421,35139641534,121394024,1,1,2014/7/13,2014/2/27,0.37
65,31036295,35401823936,50006602,1,1,2013/10/17,2012/2/5,1.7
66,229463294,15226482483,50018831,3,1,2014/8/12,2013/7/7,1.1
67,255635397,21825255344,50018831,3,1,2014/10/18,2013/6/7,1.36
68,67170281,13973014432,50013711,1,1,2012/9/19,2012/6/12,0.27
69,753852498,26301384761,50012451,1,1,2013/10/9,2013/10/11,-0.01
70,204505282,17968651336,50146022,1,1,2012/12/11,2010/10/6,2.18
71,756621534,40519345896,121394024,1,1,2014/12/3,2014/10/16,0.13
72,66738967,19533837621,50013711,1,1,2013/9/29,2004/11/9,8.89
73,132383393,35463214346,50010410,4,1,2014/11/11,2015/3/15,-0.34
74,1017989581,35886834108,50006235,1,1,2014/12/1,2014/8/4,0.33
75,13735440,18163455793,211122,6,6,2013/12/19,2012/3/23,1.74
76,2114469016,38650644752,50023797,2,1,2014/8/9,2014/4/16,0.32
77,321329368,16663600865,50013207,1,1,2012/8/25,2007/4/28,5.33
78,842436337,19152924798,50013636,1,1,2013/10/15,2011/10/16,2
79,807555311,40558883295,50010555,1,1,2014/11/11,2014/2/13,0.74
80,12519465,18981655392,50018831,3,1,2013/9/10,2013/7/5,0.18
81,112842020,40114158465,50006097,2,1,2014/9/10,2010/11/25,3.79
82,51880578,25498040503,50023709,2,1,2013/8/7,2011/1/7,2.58
83,191156136,22333639799,50012373,4,1,2013/10/16,2013/4/15,0.5
84,124613323,15186722756,50006095,2,1,2012/7/2,2011/4/20,1.2
85,250900287,22915764719,50018202,6,6,2014/4/26,2013/7/8,0.8
86,72231900,18192190705,251725,2,1,2014/4/26,2011/2/21,3.18
88,1630379975,35548389067,50023612,4,1,2013/11/16,2014/4/2,-0.38
89,305489040,41627297374,50013636,1,1,2014/10/13,2013/8/11,1.17
90,360647838,38913401898,50010555,1,1,2014/6/15,2014/1/20,0.4
91,306544399,14952161226,50006032,4,10,2012/10/7,2012/11/4,-0.08
92,243205895,13462585454,50026461,4,1,2014/3/8,2014/7/2,-0.32
93,347068613,39875144532,121406040,4,1,2014/10/2,2014/11/20,-0.13
94,877873688,20119951378,50156020,1,1,2013/6/6,2013/6/10,-0.01
95,13503298,19381961259,50023886,1,1,2013/8/1,2012/9/28,0.84
96,628367479,38794320798,50013177,2,1,2014/11/6,2012/1/26,2.78
97,818864954,38028790160,50006602,1,4,2014/7/22,2014/7/13,0.02
98,675579268,41428238718,50011993,2,1,2015/1/18,2013/9/16,1.34
99,1081311286,41329247014,50013636,1,1,2014/11/3,2013/10/31,1.01
100,17289460,17210154076,50012361,5,1,2013/3/7,2010/12/11,2.24
101,904942807,41366623825,50013636,1,1,2014/11/3,2010/11/5,4
103,779743331,36418774349,50012363,5,1,2014/10/21,2013/9/12,1.11
104,114558810,12254334853,50010236,3,1,2014/5/8,2008/9/14,5.65
105,722440556,43511676953,50013207,1,1,2015/1/20,2014/10/3,0.3
106,357851268,22174892020,50023670,2,1,2013/8/2,2012/6/21,1.12
107,172453374,17551736567,50013175,2,1,2013/4/5,2013/2/6,0.16
108,703730908,15453877039,50012451,1,1,2012/8/20,2010/5/2,2.3
109,793020597,20239214726,50013636,1,1,2013/12/4,2012/4/27,1.61
110,726045779,20083542325,50013636,1,1,2013/10/5,2012/9/4,1.08
111,752822677,24555520405,50013187,2,2,2014/1/23,2013/2/26,0.91
112,377473718,37907720818,121452056,1,1,2014/7/18,2011/12/26,2.56
113,40216027,13777585537,50008895,2,1,2013/10/13,2011/1/24,2.72
114,118942006,19583152851,50023663,2,1,2014/12/26,2012/9/29,2.24
115,620090085,35560674162,50016706,4,1,2014/4/10,2014/9/8,-0.41
116,604714141,74056119,50012485,3,1,2014/6/8,2014/8/5,-0.16
117,1684502624,43540340971,50006235,1,1,2015/1/15,2011/5/25,3.65
118,445949008,36155077547,50012363,5,1,2014/8/2,2014/10/9,-0.19
119,61588159,9680854286,211122,6,2,2014/8/2,2013/8/13,0.97
120,2262837380,42999336100,50010549,1,1,2015/1/6,2011/9/14,3.32
121,1033466085,19526078410,50012364,5,1,2013/10/4,2012/4/11,1.48
122,24079156,36661272201,50013636,1,1,2014/3/18,2010/12/31,3.21
123,67555313,16150518596,50013636,1,1,2012/11/6,2007/6/1,5.44
124,154492646,25458044289,50012449,1,1,2013/6/6,2011/11/13,1.56
126,173329093,35673961051,50013711,1,2,2014/4/9,2013/6/15,0.82
128,257521582,17363277712,50006023,4,1,2014/3/7,2014/5/5,-0.16
129,416284711,18527612360,50012449,1,1,2013/7/23,2013/3/24,0.33
130,223475170,35816820172,50008859,2,1,2014/3/8,2005/12/18,8.22
131,723397857,16718273674,50012359,5,1,2014/10/8,2011/9/17,3.06
132,1055473418,20945084205,50013636,1,2,2012/12/1,2010/11/3,2.08
133,32802731,25934548148,50012359,5,1,2013/8/27,2005/11/30,7.75
134,201402855,16743740350,50156020,1,1,2014/3/25,2008/12/18,5.27
135,60290489,40710151232,50023670,2,1,2014/12/19,2009/11/1,5.13
136,389377821,40477412693,50010555,1,1,2014/9/2,2014/5/20,0.29
137,387079260,20993659220,50012564,3,4,2014/5/2,2013/10/18,0.54
138,71850476,18905956218,50014275,3,1,2013/1/27,2012/5/13,0.71
139,169596502,36183649683,50013207,1,1,2013/11/27,2015/2/18,-1.23
140,150096824,37821813629,50013207,1,1,2014/4/24,2014/9/28,-0.43
141,21647086,13688663523,50013207,1,1,2012/10/27,2009/3/14,3.62
143,638926978,18864429485,122474019,4,1,2014/9/24,2015/1/8,-0.29
144,76472818,40392733996,121424027,1,1,2014/9/24,2012/4/25,2.42
145,38060393,14027224169,50018436,3,1,2012/7/7,2011/8/1,0.93
146,69203525,35212424255,50013636,1,1,2013/12/12,2010/1/23,3.89
147,688809898,22210716281,50023531,2,1,2013/4/10,2012/8/4,0.68
148,771449207,20922028936,50005982,3,1,2014/12/8,2014/6/22,0.46
149,1683328510,38275805698,121394024,1,1,2014/7/11,2013/8/17,0.9
150,21137271,17691567559,50013636,1,1,2012/11/22,2011/2/4,1.8
151,1766969850,41161458583,50013636,1,1,2014/9/21,2013/6/13,1.27
152,74459175,13155318835,50012564,3,5,2014/7/20,2013/3/9,1.36
153,877518892,36499367185,50012475,2,1,2014/5/14,2014/3/4,0.19
154,80512596,36131873399,50012363,5,1,2014/2/20,2013/2/8,1.03
155,411194666,6892952614,50012245,3,4,2014/6/5,2014/7/17,-0.12
156,140860418,24679988724,50012431,3,1,2014/11/2,2013/12/2,0.92
157,152076304,14665138835,50016243,2,1,2013/2/17,2008/8/19,4.5
158,109907629,6009465208,50014250,2,1,2013/2/17,2010/2/18,3
159,55522687,8159654162,50012456,3,1,2014/4/29,2013/12/15,0.37
160,854053048,35774477574,50010549,1,1,2013/11/11,2011/5/24,2.47
161,728180676,39589756565,121408024,1,1,2014/11/26,2010/12/12,3.96
162,1812586633,22143527373,121398035,4,1,2014/10/12,2015/3/9,-0.41
163,310635877,41262741580,50010566,1,1,2014/10/12,2013/3/21,1.56
164,363164958,16201007960,50228021,3,1,2014/12/13,2014/12/29,-0.04
165,89800466,8835103504,50023661,2,1,2012/8/28,2011/3/31,1.41
166,1830529477,24198240503,121540027,2,1,2014/8/2,2013/6/17,1.13
167,155969997,16983951706,50012451,1,1,2012/9/24,2012/5/5,0.39
169,891736786,37968733758,50013207,1,1,2014/8/3,2012/6/28,2.1
170,131325713,23943612874,50013636,1,1,2013/4/16,2011/4/29,1.97
171,870668820,9390785457,50006520,3,6,2014/11/25,2014/2/11,0.79
172,1869728066,17629298588,50006099,3,1,2014/5/30,2013/7/21,0.86
173,655834471,18860456727,50006843,6,1,2012/10/14,2012/4/3,0.53
174,834999974,18723486529,50018202,6,1,2014/11/11,2014/11/30,-0.05
175,758277216,20740212544,50016706,4,1,2014/3/24,2014/10/26,-0.59
176,511889597,20026407554,50013207,1,1,2013/7/5,2011/11/6,1.66
177,366240547,10380868910,50006521,3,3,2013/7/19,2009/11/6,3.7
178,93332442,37317558555,50013207,1,1,2014/3/19,2011/11/2,2.38
179,408499766,7210849725,50013998,2,1,2012/8/18,2014/9/19,-2.09
180,142427984,37967196751,50013207,1,1,2014/4/23,2011/7/21,2.76
181,1643805171,37802896330,121394024,1,1,2014/9/1,2014/5/9,0.32
182,827639760,19538803966,50012375,4,1,2013/6/17,2014/1/1,-0.54
183,1103802043,37076000628,50023514,2,1,2014/4/24,2013/3/1,1.15
184,11461439,9479844425,50012464,3,1,2013/1/12,2013/3/7,-0.15
185,1730315664,13155318835,50012564,3,5,2015/2/5,2012/6/29,2.61
186,77164222,21559175634,50009547,3,1,2014/12/11,2015/1/29,-0.13
187,75104744,15809019524,121394024,1,1,2014/5/13,2014/3/15,0.16
189,196293483,18654493396,50023670,2,1,2013/9/4,2010/1/17,3.63
190,789872417,41358926135,50010544,1,1,2015/1/6,2009/8/5,5.42
191,369840982,24537752535,50018436,3,1,2013/8/2,2013/3/9,0.4
192,10642245,14109039851,50006843,6,1,2013/6/17,2013/2/13,0.34
193,92590396,21167235111,50013207,1,1,2013/7/6,2012/7/17,0.97
195,127451512,36512326995,50013207,1,1,2013/12/17,2012/12/12,1.01
196,418692116,4550443229,50012456,3,1,2014/2/21,2014/6/2,-0.28
197,381387022,19046999290,50006041,3,1,2014/3/4,2013/4/1,0.92
198,23256752,19386943590,121398041,2,1,2014/5/13,2012/7/12,1.84
199,49551046,16996516063,50006602,1,1,2014/5/12,2015/4/19,-0.94
200,82248938,41229697286,121462023,1,1,2015/1/21,2014/12/30,0.06
202,180332213,38758204657,50007011,1,1,2014/7/25,2009/12/3,4.64
203,738243947,37128706257,50012549,3,1,2014/4/20,2014/5/22,-0.09
204,460971987,10082122933,50013881,2,1,2012/7/5,2011/10/1,0.76
206,77933013,17958495541,50023790,2,1,2013/9/10,2010/7/2,3.19
207,1125759387,37203897505,50008856,2,1,2014/4/7,2014/8/11,-0.35
208,1033551143,36881265150,50146022,1,1,2014/3/30,2013/8/12,0.63
209,12155387,17990671329,50023646,2,1,2013/9/8,2009/8/5,4.1
210,70835010,35202523813,50023591,4,1,2013/11/20,2014/5/22,-0.5
211,63741599,7964426157,50018858,6,1,2012/8/16,2011/3/24,1.4
212,70231555,14518073759,50018704,3,1,2012/7/24,2012/2/23,0.42
213,84547855,17551664840,50013711,1,1,2012/11/13,2007/8/8,5.27
214,631917779,20812756384,50018821,6,3,2013/7/23,2012/10/23,0.75
215,26188351,15604654059,50013636,1,1,2012/8/12,2010/3/29,2.38
216,50238258,24784096636,50018412,3,1,2013/5/14,2010/12/6,2.44
217,207508450,16520257539,211122,6,1,2013/1/3,2012/2/20,0.87
218,525892484,38613126621,121462075,1,1,2014/5/14,2013/6/19,0.9
219,138121253,15385184597,251725,2,1,2013/8/26,2011/3/3,2.48
220,410161398,21644451280,50010558,1,1,2013/8/9,2007/5/6,6.27
221,39712478,18404124822,50026467,4,2,2012/9/17,2013/2/12,-0.41
222,394567091,13742083558,50013636,1,1,2012/10/31,2008/10/16,4.04
223,646222766,15745598713,50013636,1,1,2013/4/1,2010/2/28,3.09
224,1038480421,21592283484,50012485,3,1,2013/9/1,2013/2/8,0.56
225,330386953,19737728033,50006042,3,1,2012/10/5,2011/2/10,1.65
226,645557,18250831986,50018615,6,1,2012/12/13,2012/2/7,0.85
227,441486929,40049728542,50012359,5,1,2014/9/17,2012/11/28,1.8
228,141999400,16683723491,50023514,2,1,2013/12/28,2012/8/17,1.36
229,392508254,27175560420,50010536,1,1,2013/8/27,2009/8/9,4.05
230,186849644,16011345799,50012365,5,1,2013/11/14,2010/11/15,3
231,746105695,35032052704,50010544,1,1,2014/12/6,2013/6/27,1.44
232,408325776,36329990892,50007011,1,1,2014/6/16,2014/5/5,0.12
233,729828346,8680970096,50016704,4,1,2013/1/29,2013/1/7,0.06
234,97496056,27398884617,50012451,1,1,2013/11/7,2011/11/17,1.98
235,691470382,19422455983,50010558,1,1,2013/6/2,2013/4/7,0.15
236,33580636,18099804498,50011993,2,1,2013/7/31,2011/1/2,2.58
237,779107498,10804672538,251725,2,1,2013/7/5,2009/9/28,3.77
238,682888656,36846269941,50012462,3,1,2015/1/16,2015/4/6,-0.22
239,84835944,9572765527,50018831,3,1,2012/10/8,2011/10/8,1
240,359890617,18621789997,50014828,4,1,2014/3/11,2014/3/24,-0.04
241,53433471,18443716949,251725,2,1,2013/6/17,2012/9/3,0.79
242,82783545,7654468248,50007011,1,2,2014/3/21,2014/4/16,-0.07
243,57970535,40454371694,50013636,1,1,2014/10/4,2013/1/14,1.72
244,290538796,40879182928,50132021,1,1,2014/10/20,2011/5/20,3.42
245,65935243,16626561512,50013874,2,1,2013/4/24,2006/6/16,6.86
246,69057729,41329822560,50018831,3,1,2015/1/27,2011/1/5,4.06
247,45797590,23887464870,50006033,4,1,2013/7/30,2013/8/18,-0.05
248,1049355963,3846280641,50012366,5,1,2012/12/12,2012/7/2,0.45
249,81094748,24396708468,50012364,5,1,2014/7/10,2009/3/23,5.3
250,109404219,42233164199,121484062,1,1,2014/12/2,2007/4/9,7.65
251,761265678,17004072939,50016704,4,1,2015/1/23,2013/9/27,1.32
252,136451900,18106855904,50132021,1,1,2013/9/21,2012/10/18,0.93
253,48922355,18668522144,50013711,1,1,2013/7/6,2011/7/15,1.98
254,767800373,40346552484,50010557,1,1,2014/9/15,2012/6/8,2.27
255,91156811,16420656795,50156020,1,1,2013/8/2,2012/5/25,1.19
256,352890947,12581814608,50012451,1,1,2013/11/16,2010/12/1,2.96
257,23927133,9566799856,50016243,2,1,2013/1/21,2008/10/29,4.23
258,844344519,16984049478,121540027,2,1,2014/10/23,2012/2/10,2.7
259,65079983,39395316554,50012564,3,1,2014/6/10,2013/8/4,0.85
260,96476817,16782984369,50010555,1,1,2013/2/17,2012/8/13,0.52
261,441460285,16470498466,50026456,4,1,2013/11/11,2013/10/23,0.05
262,27595882,9209901980,50013711,1,1,2013/5/21,2010/3/29,3.15
263,794000662,38335797322,50007011,1,1,2014/4/16,2014/9/3,-0.38
264,1990421511,15445549112,50016704,4,1,2014/7/1,2014/10/21,-0.31
265,133647926,10864011676,50011847,4,1,2013/10/3,2013/9/25,0.02
266,62395309,35832748656,50010536,1,1,2013/11/13,2011/12/12,1.92
267,2080304899,18692478396,50012442,1,1,2014/5/4,2010/7/13,3.81
268,213455117,17188861808,50013636,1,1,2013/10/26,2015/7/2,-1.68
269,213455117,38988107114,121452056,1,1,2014/6/27,2015/7/2,-1.01
270,39645715,23645720507,50023663,2,1,2013/10/26,2013/1/22,0.76
271,11503702,19837354550,50018825,6,1,2013/8/26,2012/8/26,1
272,1100388114,35479583288,50018831,3,1,2014/1/8,2014/10/11,-0.76
273,88830644,37935777608,50013636,1,1,2014/6/26,2014/3/25,0.25
274,262823764,19850745502,50008895,2,1,2014/4/17,2012/9/13,1.59
275,373105196,35127116589,50006820,2,1,2014/12/21,2014/1/3,0.96
276,672265151,5587503865,50006602,1,1,2013/3/10,2012/11/28,0.28
278,447609368,16086781316,50010557,1,1,2012/11/11,2011/11/15,0.99
279,42092374,6979189785,50011993,2,3,2014/6/24,2015/1/17,-0.57
280,1793514014,37361737960,50013207,1,1,2014/7/11,2013/6/25,1.04
281,376464964,37010642083,50018831,3,1,2015/1/30,2014/8/24,0.44
283,1942584506,39661606531,121394024,1,1,2014/10/27,2014/4/5,0.56
284,276246305,14511867259,50006602,1,1,2012/9/7,2010/10/10,1.91
285,406935827,35146292682,50013175,2,1,2014/3/24,2013/12/30,0.23
286,404254046,37521619252,50010566,1,1,2014/3/24,2009/1/11,5.2
287,58244867,15407281853,50012451,1,1,2012/10/29,2010/10/15,2.04
288,741473940,20611304288,50016706,4,1,2014/7/18,2014/7/23,-0.01
289,812347802,25308408488,50018436,3,1,2013/11/18,2013/3/19,0.67
290,385231417,35252562356,50012367,5,1,2013/11/18,2011/11/22,1.99
291,163954748,41204572991,50012365,5,1,2014/10/18,2013/6/16,1.34
292,70069665,15962074584,50007011,1,1,2012/12/12,2010/4/15,2.66
293,1658032434,26426216668,50009547,3,1,2014/1/10,2012/10/22,1.22
294,14785577,19390785189,50011993,2,1,2013/9/11,2008/8/20,5.06
295,786904109,19541112501,50006602,1,1,2013/1/21,2013/4/22,-0.25
296,339355276,24197216809,50010558,1,1,2014/5/25,2013/8/31,0.73
297,117002455,20262893195,50013711,1,1,2014/3/27,2011/4/25,2.92
298,135519929,25760364628,50013207,1,1,2014/3/28,2012/2/26,2.08
299,648241169,13586455878,50018436,3,1,2014/9/15,2013/10/5,0.95
300,686047242,36781757986,50012361,5,2,2014/9/15,2010/3/4,4.54
301,674462565,24138424646,50012378,4,1,2013/5/9,2013/10/28,-0.47
302,69106930,14652034564,50013711,1,1,2012/7/16,2010/6/1,2.13
303,79823567,17328354137,50023591,4,1,2013/11/11,2014/4/9,-0.41
304,46239667,14174510205,50018821,6,1,2014/10/14,2011/9/16,3.08
305,94577459,12881851566,50023790,2,10,2013/9/14,2012/7/6,1.19
306,1993235563,37328906275,50012379,4,1,2014/3/17,2014/7/9,-0.31
307,405674478,26910624143,50013636,1,1,2013/9/7,2012/10/28,0.86
308,118300134,23594708318,50013636,1,1,2013/5/4,2011/5/3,2.01
309,1743387086,43539568980,50010538,1,1,2015/1/31,2012/10/13,2.3
310,706851515,20291388724,50010557,1,1,2012/10/31,2007/8/17,5.21
311,43270534,17064575657,50012442,1,1,2014/11/27,2014/4/10,0.63
312,698867133,16282345237,50012424,2,1,2013/8/16,2014/9/25,-1.11
313,69889555,13023273876,50023591,4,1,2012/11/30,2010/11/11,2.05
314,69889555,25137540538,50006602,1,1,2014/5/24,2010/11/11,3.53
315,2118737046,42036193982,50018831,3,1,2014/11/28,2014/4/11,0.63
316,718935048,39660631632,50006100,2,1,2014/8/31,2012/10/28,1.84
317,411347539,14601864164,50014277,3,1,2013/1/2,2012/9/4,0.33
318,279722190,15971432984,50012361,5,1,2014/2/25,2009/3/18,4.95
319,78962691,37551736045,50012363,5,1,2014/6/4,2013/2/18,1.29
320,78135508,40701170667,50013636,1,1,2014/11/11,2011/11/5,3.02
321,52744851,17440629603,50010236,3,1,2013/4/1,2012/8/22,0.61
322,859624068,15421138219,50013207,1,1,2012/9/24,2011/8/24,1.09
323,1041892321,8365793861,211122,6,2,2013/9/17,2012/8/1,1.13
324,229407174,16630334492,50011993,2,1,2013/9/10,2008/12/23,4.72
325,771784864,16243586211,50012363,5,1,2012/11/13,2012/8/24,0.22
326,352463907,38798532956,50012364,5,1,2014/5/18,2011/4/2,3.13
327,1973092345,40689679805,50010549,1,1,2014/12/17,2003/3/3,11.8
328,1783121841,19858743927,50013636,1,1,2013/8/27,2004/3/23,9.44
329,603123248,39784731013,50018831,3,1,2014/7/16,2013/11/21,0.65
330,593517038,16377441164,50010555,1,1,2013/1/30,2012/6/26,0.6
331,138548893,37661147464,50013875,3,1,2014/8/24,2014/6/27,0.16
332,12950574,37840677938,50012474,2,3,2014/6/10,2009/7/8,4.93
333,183827816,5700732011,50014250,2,3,2013/1/7,2011/4/30,1.69
334,65312343,27144848296,50012359,5,1,2013/11/27,2009/6/27,4.42
335,159041066,35536936961,50018831,3,2,2013/11/11,2012/7/23,1.3
336,370606430,37994392815,121408024,1,2,2014/6/22,2013/6/4,1.05
337,48655521,35017672642,50023661,2,1,2013/11/27,2011/1/1,2.91
338,63437351,15357925576,50006028,4,1,2012/8/17,2012/10/15,-0.16
339,660371928,18402451663,50018436,3,1,2013/9/1,2013/3/5,0.49
340,35831517,39512885303,50011993,2,1,2014/12/30,2011/7/8,3.48
341,712034589,40105767828,50010542,1,1,2014/8/25,2011/1/6,3.64
342,675728690,17410028431,50008728,3,1,2014/2/9,2010/11/15,3.24
343,764418129,17355245633,50012451,1,1,2013/3/23,2012/10/12,0.44
344,506946641,41475051106,50013636,1,1,2014/10/6,2013/4/18,1.47
345,46577846,15739450160,50006602,1,1,2012/9/13,2012/5/18,0.32
346,393226650,14271509472,50014260,2,1,2012/9/27,2013/4/25,-0.58
347,478118517,38737713594,50146022,1,1,2014/5/23,2013/11/3,0.55
348,72088976,35141794469,50016704,4,1,2014/12/12,2014/11/6,0.1
349,127104347,19331177776,50016454,2,1,2014/2/11,2012/4/24,1.8
350,1702276954,15453768437,50004457,3,2,2013/11/18,2013/8/21,0.24
351,34582044,43428724709,50010538,1,1,2015/1/11,2012/11/1,2.19
352,61620681,35055137651,50007011,1,1,2013/11/11,2013/3/8,0.68
353,35497496,37251899549,50023536,2,1,2014/4/9,2009/10/20,4.47
354,1055336274,23259420393,50013636,1,1,2013/4/25,2012/4/29,0.99
355,95793571,18163269573,50012378,4,1,2013/8/13,2013/10/10,-0.16
356,141263038,38705572016,121472021,1,1,2014/5/10,2011/11/28,2.45
358,798742650,41758037377,50013636,1,1,2014/10/23,2013/11/4,0.97
359,16992440,36645240582,50012474,2,3,2014/2/24,2012/5/16,1.78
360,219658557,19143365121,50010536,1,1,2013/9/4,2013/2/20,0.54
361,1671493753,14147330386,50023591,4,1,2014/5/9,2014/12/22,-0.62
362,120971704,38539512251,50013636,1,1,2014/4/18,2011/6/24,2.82
363,910140800,9921993020,50010555,1,1,2013/9/9,2013/3/2,0.52
364,466369304,16589171765,50026474,4,1,2013/4/23,2013/8/2,-0.28
365,92192666,16130303961,50013078,2,1,2012/12/13,2011/9/22,1.23
367,26184254,7161010744,50010558,1,1,2014/3/17,2012/12/21,1.24
368,838135776,13419573116,50001732,3,1,2013/2/25,2013/2/6,0.05
369,656871588,14269854834,50006843,6,2,2012/8/26,2011/9/5,0.98
370,2254611367,38282204077,50023670,2,1,2015/1/30,2011/10/31,3.25
371,69435486,41564495005,50013636,1,1,2014/11/11,2012/8/21,2.22
372,58846126,35162436883,50010555,1,1,2014/8/14,2014/5/25,0.22
373,188785717,27189944241,50013636,1,1,2013/10/23,2011/6/17,2.35
374,818761936,14211333226,50012363,5,1,2013/10/29,2013/12/5,-0.1
375,1709476961,40799817988,121450022,1,1,2014/11/28,2013/1/6,1.89
376,14304064,15929031075,50012361,5,1,2012/10/19,2010/6/1,2.39
377,326454822,37065186859,50012359,5,1,2014/3/11,2009/4/3,4.94
378,49008121,41884632444,50013636,1,1,2014/12/11,2011/3/10,3.76
379,20570454,5764432116,211122,6,4,2012/11/24,2008/10/17,4.11
380,73291425,41088982319,50012365,5,1,2014/12/20,2010/6/28,4.48
381,12576056,17676479598,50146022,1,1,2012/12/19,2011/6/11,1.53
382,795355691,19227493922,50010236,3,1,2014/7/19,2011/7/9,3.03
383,1045498739,37062248680,50012363,5,1,2014/3/25,2013/9/26,0.49
384,371636266,40175617683,50006602,1,1,2014/9/24,2013/12/4,0.81
385,367656020,23067224319,50008847,2,1,2014/1/8,2006/11/13,7.16
386,559247716,4101836471,50012777,3,1,2013/3/13,2012/10/20,0.39
388,46013049,40782358000,50023792,2,1,2014/9/23,2014/4/8,0.46
389,403609077,14566715416,50014129,2,1,2012/11/24,2011/8/2,1.32
390,528643545,14497047720,50018854,6,1,2013/7/4,2012/12/4,0.58
391,24466085,13006065985,50012428,2,1,2013/4/27,2011/9/3,1.65
392,22337360,36174768297,50013176,2,1,2014/3/22,2004/9/12,9.53
393,88290456,17077213987,50010566,1,1,2013/4/23,2009/1/18,4.26
394,350100046,37866294912,121466023,1,1,2015/1/19,2011/5/9,3.7
395,21415917,16866228043,50013636,1,2,2012/8/8,2006/8/1,6.02
396,2020687907,36738468079,50003700,2,1,2014/5/13,2012/7/4,1.86
397,55875510,37278421412,50013207,1,1,2014/2/21,2012/8/3,1.55
398,60387171,35323826536,50018831,3,1,2015/1/27,2013/2/16,1.95
399,85942387,16020062354,50010566,1,1,2013/7/27,2012/12/26,0.58
400,98246781,42687826427,50010544,1,1,2015/1/16,2012/6/18,2.58
401,139879121,38771009347,121404037,2,1,2014/5/28,2004/6/22,9.94
402,123044613,7686784451,50013076,2,1,2012/9/11,2011/12/10,0.76
403,883158198,22487867606,50010542,1,1,2013/10/9,2013/6/10,0.33
404,266966105,16438641476,50012451,1,1,2013/10/9,2008/10/13,4.99
405,502828062,9869585664,50012360,5,1,2013/10/5,2011/10/17,1.97
406,85390387,21576648427,50012835,3,1,2014/7/29,2003/9/9,10.89
407,322204938,17807792203,50023591,4,1,2013/2/9,2013/6/26,-0.38
408,745559711,17980610442,50006602,1,1,2013/8/29,2013/2/17,0.53
409,63157165,37655675532,50012451,1,1,2014/4/1,2011/8/9,2.65
410,80014536,15046969968,50015969,3,1,2012/8/31,2012/6/15,0.21
411,1635254677,35016114923,50008856,2,1,2014/3/23,2013/1/23,1.16
412,16031078,14738743406,50010555,1,1,2014/11/23,2012/3/25,2.67
413,59441576,17923074128,50012364,5,1,2013/4/26,2010/2/23,3.17
414,1108310267,21302907272,50015913,2,1,2014/2/10,2013/10/2,0.36
415,486110123,17491816827,250822,2,25,2013/5/11,2014/6/2,-1.06
416,592767759,37471458146,121470030,3,1,2014/7/28,2014/8/24,-0.07
417,101415002,17624741051,50006602,1,1,2014/2/8,2012/3/15,1.9
418,30595206,41281557093,50010557,1,1,2014/10/24,2007/9/18,7.1
419,235795692,36648339381,50008875,2,1,2014/5/17,2013/4/25,1.06
420,58666247,20434808888,50012387,4,1,2013/10/23,2014/3/7,-0.37
421,748181531,17123541393,50016706,4,1,2014/4/29,2014/7/22,-0.23
422,702647816,37368848270,50008845,2,1,2015/1/4,2014/3/22,0.79
423,154930665,27262968502,50006602,1,1,2013/10/9,2011/2/18,2.64
424,1921509424,38404276502,50012449,1,1,2014/4/24,2013/5/31,0.9
425,1075810191,36581146577,50002682,4,1,2014/2/23,2014/7/18,-0.4
426,10923201,19166868327,50013636,1,1,2014/3/28,2011/8/30,2.58
427,113243127,19048924386,50024235,2,1,2013/6/5,2011/2/26,2.27
428,165283246,40132178686,50013636,1,1,2015/1/13,2013/11/4,1.19
429,406365709,25411420301,50006602,1,1,2014/5/30,2013/6/8,0.98
430,15108904,36234619723,50006602,1,1,2014/11/13,2012/12/14,1.92
431,697241495,15838328461,50012359,5,1,2013/4/11,2010/5/17,2.9
432,692815952,41054973614,50012359,5,1,2014/9/20,2013/7/14,1.19
433,30438040,15533087731,50013207,1,1,2012/7/24,2003/10/17,8.78
434,50168231,35640867251,50015146,2,1,2013/11/21,2009/4/28,4.57
435,346883797,5774771230,50006521,3,10,2013/1/11,2012/3/28,0.79
436,35009662,19029831028,50010555,1,1,2013/5/8,2012/11/24,0.45
437,166937481,18246384723,50012244,3,1,2014/1/4,2013/6/20,0.54
438,694874554,10074559658,50006097,2,1,2015/2/4,2012/11/22,2.2
439,929851,15450068504,50018615,6,7,2012/8/28,2011/4/3,1.41
440,1087643545,17761773755,50026494,4,1,2013/7/14,2013/6/29,0.04
441,240345601,23220500950,50010555,1,1,2013/7/9,2013/4/13,0.24
442,33702305,40517200867,50018831,3,2,2014/11/3,2013/3/18,1.63
443,241837911,20248930866,50011993,2,1,2013/10/20,2012/12/25,0.82
444,83942488,36873348815,50012431,3,1,2014/1/14,2010/6/21,3.57
445,83744798,15727837800,50013187,2,1,2013/2/26,2012/8/5,0.56
446,425087423,16986642032,50012442,1,1,2014/7/21,2011/11/23,2.66
447,59596068,13044166016,50007011,1,1,2013/4/12,2013/4/28,-0.04
448,90961714,21415840626,50013711,1,1,2013/1/9,2012/2/10,0.92
449,282788237,19023455943,50006030,4,1,2013/5/13,2010/12/6,2.44
450,115930791,16001019378,50006602,1,1,2013/5/11,2013/5/19,-0.02
451,647746339,39486145157,50012474,2,1,2014/11/12,2013/2/7,1.76
452,388415192,8484189532,50016037,2,1,2012/11/21,2009/9/18,3.18
453,191039747,7984139502,50008859,2,1,2014/12/31,2014/7/9,0.48
454,137364326,41879958756,50013636,1,1,2014/11/19,2010/11/12,4.02
455,279185110,26285792643,50012361,5,1,2013/8/21,2007/8/16,6.02
456,66755460,6237968940,50010555,1,1,2014/3/2,2011/3/7,2.99
457,841216238,39168664475,50018831,3,1,2014/10/20,2013/5/5,1.46
458,84890647,35673538787,50010558,1,1,2014/3/16,2013/2/28,1.04
459,95849627,18777262460,50009542,3,1,2013/8/6,2006/12/23,6.62
460,58386865,39897792904,50012464,3,1,2015/1/30,2013/3/19,1.87
461,816959238,22706648500,50018854,6,1,2013/5/4,2012/6/21,0.87
462,293128525,17378981300,50012777,3,1,2013/3/7,2013/3/6,0
463,75613245,37880332798,50006602,1,1,2014/3/25,2011/11/22,2.34
464,78613406,17198495783,50012365,5,1,2012/12/16,2007/11/4,5.12
465,48419732,4956964934,50018412,3,2,2013/5/17,2010/4/9,3.11
466,16265490,9497763160,50006602,1,2,2013/4/9,2009/12/9,3.33
467,197411149,41152012097,121452056,1,1,2014/11/12,2010/4/29,4.54
468,106735420,19899285873,50018831,3,1,2013/10/10,2013/7/9,0.25
469,338773232,12726865474,50012485,3,1,2012/7/22,2012/8/7,-0.04
470,1020368066,41101540039,50010536,1,4,2014/10/4,2010/6/1,4.35
471,143808779,38080383704,251725,2,1,2014/9/8,2010/10/1,3.94
472,72341311,18004159980,121394024,1,1,2014/11/9,2014/4/6,0.59
473,1094274418,42132824541,121394024,1,1,2014/12/14,2013/8/3,1.36
474,658919521,16394503918,50012245,3,1,2014/4/5,2013/10/14,0.47
475,689783888,4534860816,50023722,2,1,2015/1/9,2014/3/4,0.85
476,423008263,17767144594,50005971,3,5,2012/7/17,2012/8/12,-0.07
477,606024981,21594983443,50013636,1,1,2013/10/9,2014/3/26,-0.46
478,57613642,25157808743,50006820,2,2,2014/6/24,2013/7/20,0.93
479,21185033,15851569810,50010558,1,1,2012/11/5,2006/4/7,6.59
480,1081341647,12273717040,50010236,3,1,2013/4/25,2014/12/9,-1.62
481,40305507,36380970504,50013636,1,1,2013/12/13,2011/10/17,2.16
482,732541962,26523564056,50008875,2,1,2013/8/17,2012/12/28,0.64
483,243385,22131823066,50012442,1,1,2013/9/2,2011/7/10,2.15
484,10339332,13174075495,50001732,3,1,2014/5/26,2011/9/10,2.71
485,22775189,23946808667,50018824,6,1,2014/3/3,2012/4/19,1.87
486,726334191,18989305426,121472022,1,1,2014/12/26,2010/2/25,4.84
487,37050995,21297820700,50009542,3,1,2013/4/29,2012/10/22,0.52
488,384841734,36809658862,50018436,3,1,2014/3/15,2012/8/30,1.54
489,1062425612,14402922681,50014129,2,1,2012/11/18,2012/9/2,0.21
490,25176194,18407251501,50016704,4,1,2014/6/9,2014/9/13,-0.26
491,1706543412,15719276440,50012451,1,2,2013/6/5,2011/1/5,2.42
492,864297971,15679625429,50010557,1,1,2014/7/3,2013/3/9,1.32
493,771232308,27226684376,50010558,1,1,2013/9/26,2010/4/15,3.45
494,171219494,13398440711,50009540,3,1,2013/9/15,2013/11/9,-0.15
495,1720825303,37286151338,50006030,4,1,2014/4/25,2014/7/21,-0.24
496,476002223,13405998671,50018831,3,1,2013/4/3,2012/8/17,0.63
497,1124076737,14835220006,50013711,1,1,2013/3/16,2012/10/13,0.42
498,10405255,10775413892,50228021,3,1,2014/12/24,2012/2/14,2.86
500,64093162,43674029889,50010545,1,1,2015/1/29,2010/8/16,4.46
501,854553317,41158352472,50015727,3,1,2015/2/1,2014/1/19,1.04
502,60392074,41822227906,121452056,1,1,2014/11/8,2013/3/21,1.64
503,1069860359,35373986189,50005982,3,1,2014/1/1,2013/5/8,0.65
504,125703503,36220244871,50007014,1,1,2014/10/28,2012/7/25,2.26
505,725520721,22101231843,50024787,1,1,2013/10/21,2011/12/8,1.87
506,857559826,15239002450,50006099,3,1,2014/6/7,2013/10/13,0.65
507,34911780,16873424587,50016240,3,2,2012/8/13,2010/3/2,2.45
508,1589292035,19745033946,50010544,1,1,2014/1/8,2011/6/5,2.6
509,38130097,23232564633,50011819,4,1,2013/12/23,2014/1/27,-0.1
510,17431245,9757291856,50016116,6,1,2012/11/11,2011/1/15,1.82
511,51598634,12758074281,50013177,2,1,2013/3/7,2011/6/12,1.74
512,97489185,16568126633,50012245,3,3,2013/12/5,2014/4/29,-0.4
513,734958687,17733994279,50012451,1,1,2013/11/11,2012/9/16,1.15
514,474782625,12898343737,50013175,2,1,2014/10/9,2014/7/15,0.24
515,444309931,16025522463,50012365,5,1,2013/8/30,2010/8/10,3.06
516,324693962,19416126848,50023457,2,1,2014/8/21,2014/2/19,0.5
517,72555454,12759153835,50009544,3,1,2013/1/7,2012/3/2,0.85
518,260092225,20816740935,50010538,1,1,2014/1/14,2011/10/5,2.28
519,111621945,37405203875,50010558,1,1,2014/4/9,2013/8/9,0.67
520,687066529,38674183111,50013636,1,1,2014/6/16,2011/5/11,3.1
521,359601689,16383996535,50018831,3,160,2012/11/5,2011/12/15,0.89
522,150795260,36706144350,50013207,1,1,2014/2/18,2012/11/21,1.24
523,1133628211,35522172934,50013636,1,1,2014/2/18,2012/9/3,1.46
524,479631961,19452723965,50012375,4,1,2013/4/30,2011/7/25,1.77
525,277357538,19637551680,50014129,2,1,2013/7/5,2012/6/16,1.05
526,740015689,26605352858,50010558,1,1,2013/10/2,2013/9/26,0.02
527,810566789,4063063501,50011993,2,1,2013/8/8,2014/3/18,-0.61
528,133595268,22373364858,50023790,2,1,2013/4/27,2011/9/19,1.61
529,1083497049,16934951160,50026467,4,1,2014/3/13,2014/8/15,-0.42
530,27213666,19661743129,50013207,1,1,2013/6/29,2008/4/13,5.21
531,345134125,15428632230,50006602,1,4,2012/10/31,2013/1/18,-0.22
532,451100817,12351340442,50012360,5,1,2012/9/1,2011/7/24,1.11
533,667774265,39859536457,50012363,5,1,2014/12/11,2013/10/10,1.17
534,1045319175,41777738478,50010544,1,1,2014/10/29,2011/2/9,3.72
535,89781118,12745894835,50007011,1,1,2014/11/14,2013/1/12,1.84
536,2020957900,16310626305,121406041,3,2,2014/8/29,2014/4/30,0.33
537,102088293,10896260765,50018202,6,1,2012/7/23,2013/5/25,-0.84
538,609791410,13447157946,50010555,1,1,2014/3/27,2014/2/20,0.1
539,397468855,17829565913,50016704,4,1,2014/6/24,2014/8/4,-0.11
540,249709718,20135536355,50023632,4,1,2013/7/2,2013/11/20,-0.39
541,275987542,41284638240,50013187,2,1,2015/1/19,2014/1/3,1.04
542,188600174,41460345919,50016704,4,1,2015/1/19,2014/1/21,0.99
543,116573081,22230172158,50008860,2,1,2013/4/22,2012/11/13,0.44
544,867476098,18721720021,50018831,3,3,2014/9/23,2013/8/6,1.13
545,78923188,19067790880,50013207,1,1,2013/10/1,2002/12/5,10.83
546,800173649,38011223484,50013711,1,1,2014/4/29,2013/7/20,0.78
547,41338352,40175289795,50010548,1,1,2015/2/5,2008/1/30,7.02
548,783992038,15974069820,50012442,1,1,2013/2/1,2008/7/23,4.53
549,1040314082,35408076111,50012365,5,1,2013/12/25,2012/4/22,1.68
550,713724745,17534699048,50010557,1,1,2013/1/2,2010/4/24,2.7
551,186418698,9921844112,50001748,3,1,2014/3/24,2012/1/18,2.18
552,849873788,22306427962,50015399,3,1,2014/3/24,2014/5/19,-0.15
553,55069180,38554350650,50012363,5,1,2015/1/27,2014/8/7,0.47
554,746338356,22783804746,50010236,3,1,2013/8/31,2013/8/6,0.07
555,110798294,20393276096,50013187,2,1,2013/4/21,2012/9/23,0.58
556,396311979,38600911631,50013636,1,1,2014/5/20,2011/9/26,2.65
557,581726208,35529901024,50001732,3,1,2014/11/2,2015/8/15,-0.78
558,924007702,14569480798,50013636,1,2,2013/3/24,2009/12/24,3.25
559,23208537,12897458131,50013636,1,1,2013/1/20,2008/4/16,4.77
560,809244853,6979189785,50011993,2,1,2014/12/20,2015/5/2,-0.36
561,383735470,20266883067,50009540,3,1,2014/8/9,2011/8/19,2.98
562,1858557399,15918599107,50026465,4,1,2014/3/18,2014/11/15,-0.66
563,2214580556,40062433875,50010558,1,1,2014/9/28,2012/12/1,1.82
564,130263794,21934484610,50010536,1,1,2013/2/23,2010/4/29,2.82
565,676404930,19859302033,50013207,1,1,2014/3/8,2014/12/15,-0.77
566,354804408,3621425317,211122,6,4,2014/1/8,2013/3/27,0.79
567,805018083,16242741819,50013636,1,1,2014/1/8,2012/10/6,1.26
568,72746697,37346822188,121394024,1,1,2014/8/17,2014/2/22,0.48
569,545936732,37988424283,50010558,1,1,2014/5/6,2006/8/10,7.74
570,77723093,41830139440,50013207,1,1,2014/11/10,2013/12/21,0.89
571,75758080,5470994165,121408024,1,1,2014/8/29,2012/3/2,2.49
572,25526539,7755758394,50007011,1,5,2012/11/8,2014/3/9,-1.33
573,95428725,25921288431,251725,2,1,2014/9/9,2012/3/31,2.44
574,755743741,35015569650,50018831,3,1,2014/11/10,2014/7/17,0.32
575,183137017,25548712116,50024842,1,2,2013/12/12,2007/11/5,6.11
576,32418211,15660287003,50023663,2,1,2012/11/26,2009/9/29,3.16
577,705498556,3595424276,50016704,4,1,2012/11/11,2012/10/4,0.1
578,669342381,20398471742,50012474,2,1,2014/2/8,2013/10/18,0.31
579,824413527,37679509075,50018436,3,1,2014/4/7,2013/12/1,0.35
580,180473754,42171808031,121452026,2,1,2015/1/7,2013/5/22,1.63
581,355762297,14854905804,50023790,2,3,2013/9/22,2009/9/23,4
582,665216877,41725198233,121450022,1,1,2014/12/4,2014/2/26,0.77
583,648024036,38493052092,50023670,2,4,2014/12/12,2011/7/30,3.37
584,743394056,40228281930,50012431,3,1,2014/10/29,2010/11/25,3.93
585,2757,17429550751,50010555,1,1,2013/4/10,2013/3/11,0.08
586,13848376,40827442866,50013636,1,1,2014/11/11,2014/8/21,0.22
587,138180945,18706404728,50014863,3,5,2014/5/15,2008/9/28,5.63
588,415971,20854308837,50010548,1,1,2013/1/28,2012/11/11,0.21
589,44732791,16292306416,50010544,1,1,2014/1/14,2011/8/28,2.38
590,121722809,15071189647,50006843,6,2,2015/1/4,2014/6/1,0.59
591,83472357,12555432766,50005982,3,1,2013/6/11,2013/1/20,0.39
592,65651861,21971788076,50010558,1,1,2013/3/15,2011/11/24,1.31
593,14342858,17894670737,50023598,2,1,2014/11/5,2011/2/7,3.75
594,917524288,10303049467,50012456,3,30,2013/5/3,2011/6/24,1.86
595,21838963,16364059790,121470030,3,5,2014/6/24,2014/3/10,0.29
596,45661628,14022380103,121456023,3,1,2014/10/8,2013/10/15,0.98
597,61127135,18444305120,50008875,2,1,2013/5/23,2012/3/17,1.18
598,785043910,39602511660,121364022,1,2,2014/10/3,2013/5/30,1.35
599,57494340,20062826101,50012456,3,10,2014/3/8,2014/5/18,-0.19
600,628378860,16236503292,50013636,1,1,2014/9/25,2012/8/16,2.11
601,1911445233,38373903143,50013711,1,2,2014/4/19,2012/4/30,1.97
602,343603914,13045695341,50015582,4,1,2013/2/17,2013/2/25,-0.02
603,918918455,16294746265,50012379,4,1,2013/3/2,2008/10/22,4.36
604,325759617,18770494335,50023651,2,1,2014/3/14,2010/8/12,3.59
605,353221225,36095707144,50012365,5,1,2013/12/12,2011/8/13,2.33
606,61079421,18769969047,50014274,3,1,2013/8/3,2013/5/1,0.26
607,69841787,38264188766,50018860,2,1,2014/4/8,2014/7/25,-0.3
608,20451388,17358761118,211122,6,1,2013/3/21,2012/1/29,1.14
609,42558014,22369788243,50010558,1,1,2013/3/21,2010/7/4,2.72
610,75200815,18064299870,50018831,3,1,2014/9/13,2013/11/14,0.83
611,124527924,9590124906,50013711,1,1,2012/10/18,2011/9/30,1.05
612,775584118,2254371483,50018820,6,1,2013/8/16,2012/10/23,0.81
613,78375309,26632468078,50013636,1,1,2013/8/16,2013/3/22,0.4
614,13101455,13887162135,50012423,2,1,2012/8/29,2011/8/19,1.03
615,790148926,40018409687,50018436,3,1,2014/11/24,2014/8/27,0.24
616,76580427,25481540232,50014274,3,1,2013/6/7,2012/3/7,1.25
617,23086954,3219122303,50014273,3,1,2013/1/25,2011/10/8,1.3
618,1754594929,13592670420,50018438,3,1,2014/9/20,2014/8/26,0.07
619,18190851,17092246580,50014129,2,2,2013/3/31,2011/1/1,2.25
620,1649930323,36491323240,50006602,1,1,2014/7/29,2010/10/4,3.82
621,751654337,13224096340,50013636,1,1,2013/3/22,2008/9/27,4.48
622,338734269,38898356938,50023663,2,1,2014/8/22,2013/9/26,0.9
623,414883979,18476245692,50012442,1,1,2013/6/14,2008/3/27,5.22
624,679878153,17187307783,50013636,1,1,2014/8/6,2013/9/27,0.86
625,38061660,19866862313,50010549,1,1,2013/11/11,2011/12/3,1.94
626,56663970,8007595536,50016034,2,1,2013/10/25,2009/11/16,3.94
627,1641457379,18721720021,50018831,3,1,2014/9/30,2013/12/26,0.76
628,46951908,21763132643,50023536,2,1,2014/8/29,2009/12/17,4.7
629,15786531,40445341453,50010557,1,1,2014/8/28,2008/9/22,5.93
631,730302768,14663445988,50006095,2,1,2012/9/23,2011/3/30,1.49
632,760737575,43059024152,50013636,1,1,2015/1/21,2015/3/6,-0.12
633,174880005,43530317698,50010566,1,1,2015/2/3,2007/9/10,7.41
634,393380275,25185692215,50006602,1,1,2014/7/29,2010/2/9,4.47
635,882909923,36344284817,50010558,1,1,2014/1/4,2012/5/16,1.64
636,132357204,3331637994,50012777,3,1,2013/9/7,2011/11/25,1.79
637,659749250,12929573479,50006843,6,1,2013/8/15,2012/10/15,0.83
638,264008927,36480276601,50010557,1,1,2014/12/12,2012/3/25,2.72
640,66569606,13668555620,50006602,1,1,2014/12/12,2012/1/23,2.89
641,2062636887,35188277593,50023591,4,1,2014/12/12,2015/3/15,-0.25
642,86828233,19444551906,121364022,1,1,2014/5/31,2008/1/21,6.36
643,270377458,7279461500,50010566,1,1,2012/9/13,2012/4/2,0.45
644,125840215,19829152567,50003700,2,1,2013/11/2,2011/5/2,2.51
646,49561550,627441547,50012798,3,1,2013/2/28,2013/6/4,-0.26
647,889878950,41352889142,50010558,1,1,2014/10/14,2013/9/1,1.12
648,113554421,18263602472,50018831,3,12,2013/5/14,2010/9/9,2.68
649,290360210,13716364917,50015727,3,1,2013/12/12,2013/10/29,0.12
650,530044678,14682882892,50013711,1,1,2013/4/17,2008/1/1,5.3
651,550066806,16726290116,50006602,1,1,2014/1/3,2013/11/1,0.17
652,593315800,35591558752,50010566,1,1,2013/11/11,2012/9/23,1.13
653,1063363684,36319082960,121402021,1,1,2014/10/10,2014/11/14,-0.1
654,276632530,39142982662,50006028,4,1,2014/12/15,2012/7/16,2.42
655,47138383,13272130226,50018831,3,2,2013/2/18,2010/12/21,2.16
656,488469409,22458135479,50012432,3,1,2014/9/4,2014/8/9,0.07
657,2298687186,42483180297,50013636,1,1,2015/1/28,2012/10/9,2.3
658,52404311,13061238376,50013636,1,1,2014/12/15,2010/9/24,4.23
659,430319227,9807202789,50013874,2,1,2012/8/24,2011/6/15,1.19
660,929425316,39639604734,121426038,3,1,2015/1/26,2011/9/12,3.38
661,642755513,25469708168,50007011,1,1,2014/3/20,2013/10/26,0.4
662,163555902,18350255057,50010544,1,1,2013/1/3,2009/5/2,3.68
663,31235454,16674140540,50013207,1,1,2014/10/7,2011/3/19,3.56
664,253581310,20005753685,50011993,2,1,2014/5/18,2014/4/11,0.1
666,829213583,20326213051,50013636,1,1,2014/12/22,2013/11/10,1.12
667,58199199,16436704905,211122,6,4,2012/10/16,2011/7/2,1.29
668,24829944,15098657498,50011819,4,2,2014/9/20,2014/8/26,0.07
669,167910527,16440368756,50010555,1,1,2013/3/12,2012/11/21,0.3
670,809862801,36251688391,50012475,2,1,2014/2/16,2014/1/21,0.07
671,119127104,20999672795,50006602,1,1,2012/11/14,2011/8/20,1.24
672,1844317769,2755199070,121434042,3,1,2014/11/25,2014/6/26,0.42
673,93083084,18645721965,50013715,3,1,2015/1/6,2013/12/11,1.07
674,363147332,41773696267,50010542,1,1,2014/11/2,2009/1/29,5.76
675,294750833,38832277434,50005979,4,1,2014/11/11,2013/7/30,1.28
676,894103508,21891635252,121364031,3,1,2014/9/28,2014/10/21,-0.06
677,834678463,15062218359,50015579,4,1,2014/4/19,2014/6/10,-0.14
678,248962105,36448316530,50013636,1,1,2014/5/21,2013/7/26,0.82
679,41643429,12715037736,50024627,2,1,2014/10/10,2014/3/22,0.55
680,1050126413,37983949722,50018831,3,1,2014/11/11,2014/5/18,0.48
681,66248748,14869136708,50012456,3,1,2012/7/14,2012/9/8,-0.15
682,300931383,37653352823,50010558,1,1,2014/3/26,2013/12/19,0.27
683,816914951,18803570968,121382040,2,1,2014/12/12,2014/9/28,0.21
684,785311611,42426146535,50011993,2,1,2015/1/20,2012/10/3,2.3
685,264579453,14016642158,121540027,2,2,2014/11/26,2014/5/12,0.54
686,276219687,15654707348,50012564,3,1,2013/3/12,2013/5/29,-0.21
687,269267507,15263653132,50013207,1,1,2013/2/16,2012/11/20,0.24
688,185178295,40129281930,50003700,2,1,2014/8/19,2014/8/13,0.02
689,1692582408,41266340079,50010558,1,1,2014/12/13,2012/7/12,2.42
690,178032355,17887907923,50011993,2,13,2013/1/21,2013/5/10,-0.3
691,68067107,25909536641,50018820,6,1,2013/9/14,2012/11/14,0.83
692,1887892514,35459913094,50023670,2,1,2013/11/11,2009/12/10,3.92
693,37273026,5450218363,50018854,6,6,2013/11/5,2012/2/12,1.73
694,195510961,41079030632,121394024,1,1,2014/10/29,2012/1/16,2.79
695,47836546,17877876267,50010565,1,2,2013/11/12,2012/9/1,1.2
696,48621253,18752150065,50013207,1,1,2013/6/12,2013/1/25,0.38
697,398312015,19641593301,50013176,2,1,2014/8/5,2014/6/23,0.12
698,150404943,21726207611,50012365,5,1,2013/8/10,2005/6/18,8.15
699,267910347,17458282059,50012424,2,1,2014/12/14,2007/11/21,7.07
700,438010029,23648236275,50012364,5,1,2013/5/4,2012/8/7,0.74
701,150330797,13130520515,50012431,3,1,2013/8/25,2012/4/4,1.39
702,64343163,26101924419,50012451,1,1,2013/7/5,2010/1/23,3.45
703,414338337,16510937165,50015727,3,1,2014/11/23,2015/1/23,-0.17
704,44716356,36207455567,50012474,2,1,2014/4/27,2013/2/11,1.21
705,614946692,41106352035,50010555,1,1,2014/9/11,2014/6/11,0.25
706,763368008,14210690076,50012564,3,1,2014/5/26,2014/8/30,-0.26
707,47737028,24624676830,50012471,3,2,2014/10/25,2012/3/20,2.6
708,108344071,7803405251,50006602,1,1,2013/8/12,2010/7/4,3.11
709,1017818160,9305940795,50013881,2,5,2013/11/30,2011/10/20,2.12
710,198339735,36717475719,50015146,2,1,2014/6/28,2011/1/28,3.42
711,32950783,18536773341,50232021,3,1,2013/11/8,2013/10/25,0.04
712,61526102,41324909102,50012365,5,1,2015/1/30,2011/5/23,3.69
713,92116962,14767143572,50014272,3,2,2012/10/10,2012/5/26,0.38
714,797916383,16261260713,50013636,1,5,2012/7/2,2013/4/18,-0.79
715,86967455,40051583236,50013636,1,1,2014/9/23,2007/8/5,7.14
716,199354107,40204309209,50013207,1,1,2014/9/9,2010/3/10,4.5
717,576767101,37755146599,50010558,1,1,2014/4/5,2013/6/1,0.84
718,350099492,37022012656,50008875,2,1,2014/7/11,2008/6/22,6.05
719,210263456,41464527333,50010544,1,1,2014/12/5,2012/9/7,2.24
720,220079966,36169271442,50011993,2,1,2013/11/22,2010/8/8,3.29
721,22602471,37335072772,50016102,2,1,2015/1/1,2009/6/1,5.59
722,21887268,35498150675,50006602,1,2,2013/12/16,2010/5/26,3.56
723,1635059595,20012148622,50013636,1,1,2014/4/17,2007/9/19,6.58
724,743631006,13841405997,50007011,1,1,2013/3/28,2013/2/24,0.09
726,348109281,13374569905,50013636,1,1,2012/12/6,2010/2/8,2.83
727,664236959,16563307133,121454045,6,3,2014/10/7,2012/7/26,2.2
728,111794341,19678488904,50010557,1,1,2013/1/23,2010/9/2,2.39
729,672591831,37402797191,50013207,1,1,2014/2/26,2014/8/7,-0.44
730,127931487,16522031119,50013711,1,1,2012/8/3,2012/7/3,0.08
731,437556506,35158409536,50013636,1,1,2013/12/26,2011/9/28,2.25
732,674478679,40624526192,50009540,3,1,2014/12/14,2014/2/1,0.87
733,378028878,19285625410,50146022,1,1,2013/12/7,2012/2/8,1.83
734,697526248,10223139731,50012436,3,1,2014/11/30,2015/1/15,-0.13
735,195018770,37548598470,50023664,4,1,2014/7/28,2014/11/9,-0.28
736,44253932,19862187842,121404037,2,1,2014/5/29,2010/1/13,4.38
737,1091263211,16409261679,50012363,5,1,2013/12/12,2013/4/13,0.67
738,11768880,19025967309,50012364,5,1,2013/4/11,2012/1/7,1.26
739,84725909,9140692042,50013199,2,1,2013/1/16,2009/9/18,3.33
740,321506990,27619548992,50018831,3,1,2014/4/2,2013/2/13,1.13
741,766386444,19978814543,50013176,2,1,2014/8/12,2014/1/15,0.57
742,1944471144,37068018309,50018820,6,1,2014/5/7,2013/8/19,0.72
743,378871709,43400739385,50012359,5,1,2015/2/1,2012/2/23,2.94
744,685810741,35778363795,50016704,4,1,2014/1/11,2013/3/22,0.81
745,735319921,16851632381,50015841,2,1,2013/3/10,2012/10/1,0.44
746,701712529,38502756936,50014530,1,1,2014/5/22,2015/4/2,-0.86
747,115248467,7581710464,50012436,3,1,2013/4/13,2013/4/18,-0.01
748,136517419,4869579038,50012777,3,1,2014/6/17,2012/7/12,1.93
749,40183850,20975155801,50018614,6,5,2013/11/8,2012/6/11,1.41
750,49997797,14757094773,50011993,2,1,2013/12/15,2009/8/16,4.33
751,88718614,10028025233,50013207,1,1,2013/2/27,2009/10/10,3.39
752,71241931,25928316853,50015146,2,1,2014/6/9,2011/8/31,2.78
753,1567601,12465395269,50016704,4,1,2012/7/18,2012/7/7,0.03
754,62789705,18471814723,50010236,3,1,2014/3/8,2013/11/11,0.32
755,486503874,16025509834,211122,6,1,2013/7/20,2012/9/10,0.86
756,129972565,20758892871,50011993,2,1,2012/12/20,2011/1/22,1.91
757,652992315,38307835540,50010544,1,1,2014/11/11,2008/12/31,5.87
758,1113460719,12821052238,50014744,3,2,2013/4/17,2013/5/4,-0.05
759,1924473311,20803900387,50006032,4,1,2014/8/15,2014/4/16,0.33
760,73927336,38023071537,50010536,1,1,2014/4/6,2011/10/15,2.48
761,2186831536,38380559230,50023531,2,1,2014/10/8,2014/5/19,0.39
762,130211481,38840988377,121466023,1,2,2014/7/3,2008/12/9,5.57
763,10502300,13447157946,50010555,1,1,2012/12/4,2012/5/4,0.59
764,723449270,15455377491,50011993,2,1,2014/6/2,2010/10/3,3.67
765,682354444,22424383310,50018831,3,1,2014/12/1,2014/6/5,0.49
766,737930496,40405521372,50012431,3,1,2014/8/29,2014/5/15,0.29
767,750087385,37879266975,50010555,1,2,2014/8/13,2015/2/15,-0.51
768,1711109878,22996052320,50013636,1,1,2015/1/15,2012/8/23,2.4
769,921137911,14081707736,50014278,3,1,2014/7/14,2014/7/14,0
770,224653845,21199179062,50012451,1,1,2013/9/22,2011/11/14,1.86
771,829440261,41878489605,50018831,3,2,2014/12/2,2013/12/18,0.96
772,1978481429,37359277254,121434042,3,1,2014/7/4,2013/8/29,0.85
773,674451014,15172512114,50014250,2,2,2014/1/10,2011/1/15,2.99
774,602646492,41909727679,50009550,3,1,2014/12/12,2013/7/12,1.42
775,280347691,14459780250,50016704,4,1,2013/6/15,2013/4/6,0.19
776,870525985,37163034185,50018831,3,1,2014/10/5,2014/9/3,0.09
777,330830,37313685773,50006602,1,6,2014/11/5,2009/10/7,5.08
778,55867871,38258666401,50010558,1,1,2014/4/30,2012/6/23,1.85
780,12631429,7668402786,50012471,3,1,2014/7/7,2013/4/8,1.25
781,750833184,37665648092,50010557,1,1,2014/4/23,2010/11/4,3.47
782,62380766,14836460759,50014129,2,1,2012/12/5,2012/3/13,0.73
783,37613228,22205176670,50018831,3,1,2013/10/12,2012/3/21,1.56
784,1023634940,16297650924,50146022,1,1,2013/3/4,2011/12/28,1.18
785,23779676,35815090306,50012451,1,1,2013/11/11,2010/1/9,3.84
786,2176939646,37616480055,50012458,3,1,2014/11/11,2014/1/10,0.84
787,672166297,15781119704,50012360,5,1,2013/12/3,2013/10/24,0.11
788,53224585,25781688035,50009542,3,1,2013/6/21,2011/6/3,2.05
789,25807593,14593091524,50026459,4,5,2014/7/22,2014/11/22,-0.34
790,43241697,19671833975,50012367,5,1,2014/2/13,2012/5/12,1.76
791,36134771,15770194630,50009542,3,1,2013/7/24,2014/11/17,-1.32
792,898630655,38066384082,50010558,1,9,2014/6/6,2012/11/2,1.59
793,1771335722,37777584394,50012367,5,1,2014/3/21,2012/8/8,1.62
794,191994688,18824675650,50012788,2,1,2014/7/15,2013/3/19,1.32
795,783771062,18753199528,50012485,3,1,2014/4/11,2012/10/5,1.52
796,709021222,41601299670,50010566,1,1,2014/12/10,2012/11/1,2.11
797,678340978,21169723076,121406040,4,1,2014/5/30,2014/8/25,-0.24
798,509990590,14995199480,50012548,3,1,2014/6/2,2014/4/4,0.16
799,53538638,39574997596,121408024,1,1,2014/9/9,2013/11/6,0.84
800,358097309,35594492739,50007140,2,1,2015/1/21,2013/9/15,1.35
801,925964568,37303254540,121424027,1,1,2014/5/19,2009/3/30,5.14
802,113093326,16192594477,50006094,2,1,2013/5/27,2012/11/26,0.5
803,824754611,16740240802,50023591,4,1,2012/9/16,2012/11/8,-0.15
804,264839494,12633743728,50013207,1,1,2013/9/7,2007/7/29,6.12
805,728844788,16908779573,121394024,1,1,2014/10/15,2014/5/27,0.39
806,1671080225,18695694565,50010555,1,1,2014/4/28,2014/3/9,0.14
807,53917099,35857424331,50012451,1,1,2013/11/13,2011/9/21,2.15
808,155835737,40249904427,50012431,3,1,2014/9/27,2014/6/15,0.28
809,1089343761,41449997544,50013636,1,1,2014/10/9,2013/12/5,0.84
810,129162752,12757496000,50010566,1,1,2013/5/22,2010/11/13,2.52
811,139491685,35103787688,50023722,2,1,2013/10/31,2012/5/3,1.5
812,2391404843,40200591008,50010555,1,1,2015/1/10,2014/9/16,0.32
813,134536342,18519472878,50018831,3,1,2012/9/12,2012/5/21,0.31
814,332182758,14281728685,50006032,4,1,2012/12/21,2012/7/14,0.44
815,316263477,20742820532,211122,6,1,2012/11/11,2011/7/17,1.32
816,883771195,3720949076,211122,6,2,2013/8/20,2012/7/11,1.11
817,105361095,17973523949,50018831,3,1,2013/1/28,2013/1/16,0.03
818,71726532,38898923007,121466023,1,1,2014/7/9,2011/5/15,3.15
819,59265016,22117023208,50018831,3,6,2013/12/26,2013/2/15,0.86
820,51103674,20437260826,50007140,2,1,2013/5/1,2011/8/17,1.71
821,552289829,20724224674,211122,6,9,2013/3/3,2008/12/23,4.19
822,52313002,38501683669,50016468,1,4,2014/6/24,2006/4/15,8.2
823,56819773,19254982267,50010558,1,1,2013/9/5,2008/8/12,5.07
824,56340436,15578534539,50023640,2,1,2013/1/23,2008/1/6,5.05
825,1890948217,40622218547,121394024,1,1,2014/9/18,2013/9/17,1
826,371646807,40340954604,50010555,1,1,2014/12/27,2014/9/15,0.28
827,1132472679,35324195853,50018831,3,1,2015/1/31,2014/10/30,0.25
828,648783804,35109818370,50006602,1,1,2013/10/15,2007/6/9,6.36
829,141595593,16902388198,50016243,2,1,2014/4/25,2008/12/22,5.34
830,175524797,36260979423,50023531,2,1,2014/2/24,2009/5/16,4.78
831,356049284,9875230962,50008875,2,1,2014/5/6,2009/7/15,4.81
832,104211743,36115296871,50018824,6,2,2013/12/4,2013/2/19,0.79
833,381275366,35049183686,50014744,3,1,2013/11/11,2013/7/9,0.34
834,643563115,40568847479,50010549,1,1,2014/12/12,2011/8/8,3.35
835,54366478,25194340028,50023531,2,1,2015/1/23,2010/12/10,4.12
836,128693368,16317457631,50006602,1,1,2013/7/20,2010/7/20,3
837,22733878,27158088929,50023591,4,1,2013/12/23,2009/1/16,4.94
838,54451652,19556758674,50006602,1,1,2014/12/30,2010/6/2,4.58
839,549274183,37038024448,50018831,3,1,2014/12/9,2012/9/28,2.2
840,769346515,13257725125,50005982,3,1,2012/7/11,2014/5/2,-1.81
841,94472106,20550040389,50013711,1,1,2012/12/24,2009/11/5,3.14
842,259538915,19545202238,50018825,6,40,2014/2/18,2012/4/23,1.82
843,85189793,21168240511,50013207,1,1,2012/11/28,2009/3/13,3.72
846,1593516816,25170396249,50023660,2,1,2013/5/25,2009/6/18,3.94
847,571159301,40021926193,50014278,3,1,2014/8/22,2011/7/20,3.09
848,651493549,36506672264,50023692,2,1,2014/2/21,2011/11/8,2.29
849,606918860,10837123744,50018855,6,1,2013/6/23,2012/6/27,0.99
850,644854097,35461440284,50018831,3,1,2014/6/17,2014/3/18,0.25
851,36789289,17884536890,50016704,4,1,2013/12/30,2013/6/11,0.55
852,82413736,19047913391,50023661,2,1,2014/7/27,2011/9/20,2.85
853,156942952,37715622717,121414042,4,1,2014/6/14,2013/12/27,0.46
854,81793389,4192029603,50012396,4,1,2013/3/18,2013/9/4,-0.47
855,98425070,40430138951,50007011,1,1,2014/12/12,2014/1/27,0.87
856,422641140,16012394220,50007140,2,1,2012/9/27,2012/8/20,0.1
857,168252385,36374695899,50007011,1,1,2014/1/21,2013/1/27,0.98
858,73973378,26396504540,50013078,2,1,2014/1/21,2012/4/4,1.8
859,260087412,37438845897,50018831,3,1,2014/4/11,2013/3/9,1.09
860,385135931,19162616509,50010545,1,1,2013/2/21,2014/11/4,-1.7
861,1850552006,22455807963,50006602,1,2,2014/1/6,2014/1/25,-0.05
862,292966044,16981151324,50010549,1,1,2012/11/11,2010/9/16,2.16
863,1040350341,19644870678,50023591,4,1,2014/2/24,2014/6/28,-0.34
864,198772898,40590019735,121382051,3,1,2014/9/9,2014/11/15,-0.18
865,787693926,16224279134,50013207,1,1,2013/3/31,2008/12/26,4.26
866,67828543,14922603690,121448025,1,1,2014/9/16,2012/12/27,1.72
867,33062883,37219507191,50013207,1,1,2014/5/9,2010/8/14,3.74
868,287230352,36551323123,50023670,2,1,2014/2/11,2009/3/16,4.91
869,153843973,24461432324,50023670,2,1,2013/12/18,2008/2/24,5.82
870,143220732,36614249895,50010542,1,1,2014/10/10,2008/12/16,5.82
871,1656319652,38249174431,50010558,1,1,2014/4/16,2015/1/8,-0.73
872,75343881,17908085498,50013636,1,1,2013/4/13,2012/2/25,1.13
873,678827114,18882600035,50012730,3,2,2012/11/3,2013/1/19,-0.21
874,649346959,19337772250,50014268,3,1,2013/4/17,2013/4/27,-0.03
875,814243609,7942419411,50009540,3,1,2012/12/20,2013/1/10,-0.06
876,107865814,8178914719,50023777,2,1,2014/5/29,2012/6/20,1.94
877,27488537,40537997104,50013207,1,1,2014/8/11,2009/6/16,5.16
878,157720562,22257223300,50009547,3,1,2015/1/24,2014/8/31,0.4
879,460727512,26209400280,50018831,3,3,2013/12/22,2009/7/22,4.42
880,779336988,19058008657,50012451,1,1,2012/9/7,2010/3/10,2.5
881,664444918,40719234627,50010558,1,1,2014/9/20,2011/9/27,2.98
882,775425752,37667489990,50013187,2,1,2014/5/26,2014/8/30,-0.26
884,1862594497,17150876686,50023670,2,1,2013/12/18,2010/1/5,3.95
885,718858754,24395160617,50013636,1,1,2013/5/13,2011/10/15,1.58
886,83359531,25168468921,50009540,3,1,2013/7/26,2011/2/5,2.47
887,26629842,41721177698,50010544,1,1,2014/12/12,2013/11/24,1.05
888,376448732,18698129526,50010566,1,1,2013/9/9,2006/3/7,7.52
889,838547338,24881140136,50010558,1,1,2013/6/7,2012/12/18,0.47
890,367595379,24285048902,50012451,1,1,2014/2/27,2010/9/23,3.43
891,34296803,2871416722,50008875,2,1,2013/9/24,2009/4/14,4.45
892,102571912,14243394387,50006602,1,1,2012/8/2,2010/11/16,1.71
893,799287214,24289020782,50014274,3,1,2013/6/25,2012/8/13,0.87
894,20087991,37848480268,50016706,4,1,2014/6/1,2010/8/8,3.82
895,867290915,25354416045,50013636,1,1,2014/7/4,2007/2/7,7.41
896,515908401,40106626875,50013207,1,1,2014/8/8,2011/7/14,3.07
897,279787751,37469126057,50023715,2,1,2014/3/20,2013/9/14,0.51
898,721803445,27541700398,50013636,1,1,2013/12/30,2008/8/8,5.4
899,403168768,38978433711,50018831,3,1,2014/7/19,2013/12/17,0.59
900,714919791,12605082527,50228021,3,1,2013/1/11,2012/3/16,0.82
901,733070564,42557673678,50010549,1,1,2015/1/17,2014/12/17,0.08
902,87526273,19733405881,50013636,1,1,2013/11/26,2010/11/1,3.07
903,272757969,43352070226,50010544,1,1,2015/1/21,2011/2/24,3.91
904,14510892,35241818543,203527,2,1,2013/11/22,2014/8/12,-0.72
905,1817973372,15283087345,50016454,2,1,2014/8/3,2012/2/23,2.44
907,99519637,4101836471,50012777,3,1,2013/10/7,2014/8/6,-0.83
908,131802832,37536988312,50013207,1,1,2014/9/20,2012/4/5,2.46
909,849430227,22604419844,50006602,1,2,2013/12/11,2014/6/19,-0.52
910,504846829,43161044611,50012564,3,5,2015/1/19,2013/10/24,1.24
911,86731623,36255777443,50010557,1,1,2013/12/13,2013/12/26,-0.04
912,124333754,4347434860,50018824,6,1,2014/10/21,2014/3/23,0.58
913,653290859,15201138534,50010558,1,1,2012/9/14,2007/8/20,5.07
914,47742510,13518730030,121398035,4,1,2014/10/19,2014/7/27,0.23
915,112175464,39475654625,50008845,2,1,2014/7/29,2014/1/1,0.57
916,1672630998,36962807964,50006602,1,3,2014/3/25,2014/3/2,0.06
917,442973445,8949249584,50023663,2,1,2013/11/13,2013/5/20,0.48
918,18382012,27095116998,50002524,2,1,2013/12/31,2009/5/30,4.59
919,274379633,41639051049,50013881,2,1,2015/1/18,2014/6/27,0.56
920,705109899,35673255097,50024842,1,1,2013/11/15,2015/3/18,-1.34
921,633734925,35723840617,50010236,3,1,2014/1/17,2012/3/24,1.82
922,1822398971,41617854706,211122,6,1,2014/10/22,2013/5/8,1.46
923,306716492,41171540130,50012432,3,1,2015/1/12,2015/3/1,-0.13
924,108083003,37933952657,211122,6,1,2014/11/26,2014/12/6,-0.03
925,217491793,40733937812,50023777,2,1,2014/11/11,2013/2/10,1.75
926,52971251,14733059304,50012449,1,1,2014/2/26,2013/6/17,0.7
927,299196791,38217159047,50013187,2,26,2014/5/21,2014/3/31,0.14
928,224292962,18387768742,50228021,3,3,2015/1/20,2012/12/13,2.1
929,1577585731,19799317492,50010558,1,1,2014/1/6,2013/3/21,0.8
930,1836568285,41204717346,50010566,1,1,2014/10/19,2011/11/23,2.91
931,517793335,16719576868,50006843,6,2,2012/7/10,2011/7/10,1
932,31465015,15284214987,50006823,2,1,2013/12/2,2012/6/1,1.5
933,42687654,36544264727,50010538,1,1,2014/1/6,2009/5/15,4.65
934,401026519,20175111454,50015841,2,1,2013/6/4,2011/3/20,2.21
935,58463787,35348722557,203527,2,1,2013/10/26,2010/9/28,3.08
936,126581934,17509603102,50010544,1,1,2012/12/8,2011/5/19,1.56
937,1070284684,26778408178,50013207,1,1,2013/9/27,2011/12/29,1.75
938,67985523,20193534613,50014271,3,1,2014/1/2,2012/7/13,1.47
939,1076986436,15117929670,50013636,1,1,2013/5/29,2012/3/20,1.19
940,886997790,14575287408,50013207,1,1,2013/5/8,2014/11/30,-1.56
941,1052158519,25605368474,50023637,2,1,2014/1/14,2012/3/29,1.8
942,468484747,14659086347,50010558,1,1,2013/5/20,2011/5/31,1.97
943,62879667,35633055239,121394024,1,1,2014/12/12,2011/12/5,3.02
944,54925736,12310877181,50006602,1,1,2013/10/19,2013/4/28,0.48
945,200849884,17009939906,50012451,1,1,2012/11/12,2006/1/13,6.84
946,296255521,35594754309,50012365,5,2,2014/1/12,2012/9/15,1.33
947,59069103,10491058986,251725,2,1,2012/7/19,2006/4/13,6.27
948,379910739,12881672070,50012451,1,2,2012/9/4,2011/2/26,1.52
949,67443207,18921322045,50012360,5,1,2013/8/2,2008/1/1,5.59
950,685332320,12781785338,50018831,3,2,2013/6/1,2012/2/23,1.27
951,389326420,17164967407,50006820,2,1,2014/9/16,2013/7/17,1.17
952,359840716,17513925908,50013207,1,1,2013/3/18,2009/1/20,4.16
953,1372572,16915013171,50008845,2,1,2013/3/27,2012/1/30,1.16
954,54855720,39635136808,50018436,3,2,2014/9/13,2013/1/28,1.62
